{
  "ret":true,
  "data":{
    "movie":[{
      "id" : "1",
      "name" : "一出好戏",
      "number" : "8.4",
      "direction" : "黄渤",
      "taring" : "黄渤 舒淇 王宝强 张艺兴 于和伟",
      "img" : "https://gw.alicdn.com/i4/TB1TQh6IeuSBuNjSsziXXbq8pXa_.jpg_160x160Q30s100.jpg"
    },
      {
        "id" : "2",
        "name" : "巨齿鲨",
        "number" : "8.6",
        "direction" : "乔·德特杜巴 ",
        "taring" : "杰森·斯坦森 李冰冰 雷恩·威尔森",
        "img" : "https://gw.alicdn.com/i4/TB1N7G0Xc4IxuRkSO2gXXaynXXa_.jpg_160x160Q30s100.jpg"
      },
      {
        "id" : "3",
        "name" : "爱情公寓",
        "number" : "7.1",
        "direction" : "韦正",
        "taring" : "陈赫 袁弘 娄艺潇 邓家佳 孙艺洲",
        "img" : "https://gw.alicdn.com/i4/TB1EhVzqH9YBuNjy0FgXXcxcXXa_.jpg_160x160Q30s100.jpg"
      },
      {
        "id" : "4",
        "name" : "西虹市首富",
        "number" : "9.0",
        "direction" : "闫非  彭大魔",
        "taring" : "沈腾 宋芸桦 张一鸣 常远",
        "img" : "https://gw.alicdn.com/i1/TB1QJPmGhGYBuNjy0FnXXX5lpXa_.jpg_160x160Q30s100.jpg"
      },
      {
        "id" : "5",
        "name" : "小偷家族",
        "number" : "8.5",
        "direction" : "是枝裕和",
        "taring" : "中川雅也 安藤樱 松冈茉优",
        "img" : "https://gw.alicdn.com/i2/TB1_PdpmYZnBKNjSZFGXXbt3FXa_.jpg_160x160Q30s100.jpg"
      },
      {
        "id" : "6",
        "name" : "精灵旅社3：疯狂假期",
        "number" : "9.0",
        "direction" : "格恩迪·塔塔科夫斯基 ",
        "taring" : "亚当·桑德勒 赛琳娜·戈麦斯 ",
        "img" : "https://gw.alicdn.com/i4/TB1Mmy_XcXIxuRkSR0hXXX8kVXa_.jpg_160x160Q30s100.jpg"
      },
      {
        "id" : "7",
        "name" : "神秘世界历险记4",
        "number" : "8.6",
        "direction" : "王云飞",
        "taring" : "赵一博 阎么么 图特哈蒙 郭政建",
        "img" : "https://gw.alicdn.com/i4/TB1z.BJlrZnBKNjSZFhXXc.oXXa_.jpg_160x160Q30s100.jpg"
      },
      {
        "id" : "8",
        "name" : "狄仁杰之四大天王",
        "number" : "8.2",
        "direction" : "徐克",
        "taring" : "赵又廷 冯绍峰 林更新 阮经天 ",
        "img" : "https://gw.alicdn.com/i4/TB1AqiEBntYBeNjy1XdXXXXyVXa_.jpg_160x160Q30s100.jpg"
      }

    ]
  }
}
